{
  "IcoMoonType": "selection",
  "icons": [
    {
      "icon": {
        "paths": [
          "M972.8 204.8c0 28.277-22.923 51.2-51.2 51.2v0h-819.2c-28.277 0-51.2-22.923-51.2-51.2s22.923-51.2 51.2-51.2v0h819.2c28.277 0 51.2 22.923 51.2 51.2v0zM972.8 512c0 28.277-22.923 51.2-51.2 51.2v0h-819.2c-28.277 0-51.2-22.923-51.2-51.2s22.923-51.2 51.2-51.2v0h819.2c28.277 0 51.2 22.923 51.2 51.2v0zM921.6 870.4c28.277 0 51.2-22.923 51.2-51.2s-22.923-51.2-51.2-51.2v0h-819.2c-28.277 0-51.2 22.923-51.2 51.2s22.923 51.2 51.2 51.2v0h819.2z"
        ],
        "attrs": [],
        "grid": 0,
        "tags": [
          "menu-svgrepo-com"
        ]
      },
      "attrs": [],
      "properties": {
        "order": 13,
        "id": 1,
        "name": "menu-svgrepo-com",
        "prevSize": 32
      },
      "setIdx": 0,
      "setId": 2,
      "iconIdx": 0
    }
  ],
  "height": 1024,
  "preferences": {
    "showGlyphs": true,
    "showQuickUse": true,
    "showQuickUse2": true,
    "showSVGs": true,
    "fontPref": {
      "prefix": "icon-",
      "metadata": {
        "fontFamily": "icomoon"
      },
      "metrics": {
        "emSize": 1024,
        "baseline": 6.25,
        "whitespace": 50
      },
      "embed": false
    },
    "imagePref": {
      "prefix": "icon-",
      "png": true,
      "useClassSelector": true,
      "color": 0,
      "bgColor": 16777215,
      "classSelector": ".icon",
      "name": "icomoon",
      "height": 32,
      "overrideSize": "true"
    },
    "historySize": 50,
    "showCodes": true,
    "gridSize": 16
  }
}