{
  "IcoMoonType": "selection",
  "icons": [
    {
      "icon": {
        "paths": [
          "M1024 512c0 282.77-229.23 512-512 512s-512-229.23-512-512c0-282.77 229.23-512 512-512s512 229.23 512 512z",
          "M1010.526 512c0 275.328-223.198 498.526-498.526 498.526s-498.526-223.198-498.526-498.526c0-275.328 223.198-498.526 498.526-498.526s498.526 223.198 498.526 498.526z",
          "M323.374 513.916h381.095M704.469 513.916l-190.548 190.545M704.469 513.916l-190.548-190.548"
        ],
        "attrs": [
          {
            "opacity": 0.05
          },
          {
            "fill": "none",
            "strokeLinejoin": "miter",
            "strokeLinecap": "butt",
            "strokeMiterlimit": "4",
            "strokeWidth": 26.94736842105263
          },
          {
            "fill": "none",
            "strokeLinejoin": "miter",
            "strokeLinecap": "butt",
            "strokeMiterlimit": "4",
            "strokeWidth": 26.94736842105263
          }
        ],
        "grid": 0,
        "tags": [
          "arrow__next"
        ]
      },
      "attrs": [
        {
          "opacity": 0.05
        },
        {
          "fill": "none",
          "strokeLinejoin": "miter",
          "strokeLinecap": "butt",
          "strokeMiterlimit": "4",
          "strokeWidth": 26.94736842105263
        },
        {
          "fill": "none",
          "strokeLinejoin": "miter",
          "strokeLinecap": "butt",
          "strokeMiterlimit": "4",
          "strokeWidth": 26.94736842105263
        }
      ],
      "properties": {
        "order": 13,
        "id": 1,
        "name": "arrow__next",
        "prevSize": 32
      },
      "setIdx": 0,
      "setId": 2,
      "iconIdx": 0
    },
    {
      "icon": {
        "paths": [
          "M0 512c0-282.77 229.23-512 512-512s512 229.23 512 512c0 282.77-229.23 512-512 512s-512-229.23-512-512z",
          "M13.474 512c0-275.328 223.198-498.526 498.526-498.526s498.526 223.198 498.526 498.526c0 275.328-223.198 498.526-498.526 498.526s-498.526-223.198-498.526-498.526z",
          "M700.626 510.084h-381.095M319.531 510.084l190.548-190.545M319.531 510.084l190.548 190.548"
        ],
        "attrs": [
          {
            "opacity": 0.05
          },
          {
            "fill": "none",
            "strokeLinejoin": "miter",
            "strokeLinecap": "butt",
            "strokeMiterlimit": "4",
            "strokeWidth": 26.94736842105263
          },
          {
            "fill": "none",
            "strokeLinejoin": "miter",
            "strokeLinecap": "butt",
            "strokeMiterlimit": "4",
            "strokeWidth": 26.94736842105263
          }
        ],
        "grid": 0,
        "tags": [
          "arrow__previous"
        ]
      },
      "attrs": [
        {
          "opacity": 0.05
        },
        {
          "fill": "none",
          "strokeLinejoin": "miter",
          "strokeLinecap": "butt",
          "strokeMiterlimit": "4",
          "strokeWidth": 26.94736842105263
        },
        {
          "fill": "none",
          "strokeLinejoin": "miter",
          "strokeLinecap": "butt",
          "strokeMiterlimit": "4",
          "strokeWidth": 26.94736842105263
        }
      ],
      "properties": {
        "order": 14,
        "id": 0,
        "name": "arrow__previous",
        "prevSize": 32
      },
      "setIdx": 0,
      "setId": 2,
      "iconIdx": 1
    }
  ],
  "height": 1024,
  "preferences": {
    "showGlyphs": true,
    "showQuickUse": true,
    "showQuickUse2": true,
    "showSVGs": true,
    "fontPref": {
      "prefix": "icon-",
      "metadata": {
        "fontFamily": "icomoon"
      },
      "metrics": {
        "emSize": 1024,
        "baseline": 6.25,
        "whitespace": 50
      },
      "embed": false
    },
    "imagePref": {
      "prefix": "",
      "png": true,
      "useClassSelector": true,
      "color": 0,
      "bgColor": 16777215,
      "classSelector": ".icon",
      "name": "icomoon",
      "height": 32,
      "overrideSize": "true",
      "columns": 16,
      "margin": 16
    },
    "historySize": 50,
    "showCodes": true,
    "gridSize": 16
  }
}